{"Спирт Изопропиловый": 0.005, "Ткань отмывочная": 0.01, "Обезжириватель \"Чистомет\"": 0.001, "Воздушно пузырьковая пленка (1,5х100) (м)": 0.01, "Наклейка на коробку 100*72мм": 1.0, "Термотрансферная лента для 110мм*300": 0.08, "Термотрансферная лента для 58мм*300": 0.035, "Болт М6х12мм DIN933 оцинкованный": 2.0, "Гайка М6 DIN934 оцинкованная": 2.0, "Шайба М6 DIN125 оцинкованная": 2.0, "Скотч M-Light": 2.0, "Паспорт M-Lite": 1.0, "Наклейка на светильник 58*30мм": 2.0, "Хомут глушителя 54 ст\\обр /11-5249/": 1.0, "Болт М6*20 DIN 933 оц 8,8 (10218040/220816/0019728/1,Китай)": 2.0, "Клей-герметик прозрачный Даун Корнинг": 0.023, "Г/картон товарный 1050*2030 Т-24, пр. \"В\" бур. (шт)": 0.3, "Краска порошковая серая (шагрень 7035)": 0.002, "Припой (ПОС-61) ": 0.001, "Флюс паяльный ЛТИ-120": 0.001, "Источник питания Аргос ИПС60-700Т IP67 0300-2183(0305-2279)": 1.0, "Профиль модульного светильника (АА2023-01)": 0.355, "Лист горячекатаный S2 мм": 0.004, "Паста паяльная без свинцовая": 0.0012238805970149255, "Светодиод 2835 4000К": 99.13432835820895, "Плата печатная 340х60мм 162 светодиодов": 0.6119402985074627, "Заглушка Модуля (11 г)": 1.0, "Заглушка Модуля с отверстием (11 г)": 1.0, "Стекло \"Отмытое\" 350х70х3": 1.0, "Матрица \"Модуль\" 64Вт 4000К": 1.0}