{"К1": 1.0, "К3": 1.0, "К5": 2.076923076923077, "К4": 1.0384615384615385, "К2": 2.0, "М1": 2.0, "М2": 2.0}