{"Спирт Изопропиловый": 0.005, "Ткань отмывочная": 0.01, "Обезжириватель \"Чистомет\"": 0.001, "Скотч брендовый \"Новый Век\"": 1.5, "Воздушно пузырьковая пленка (1,5х100) (м)": 0.01, "Наклейка на коробку 100*72мм": 1.0, "Наклейка на светильник 58*30мм": 1.0, "Термотрансферная лента для 110мм*300": 0.08, "Термотрансферная лента для 58мм*300": 0.035, "Бумага для паспортов А4": 1.0, "Болт М6х12мм DIN933 оцинкованный": 2.0, "Гайка М6 DIN934 оцинкованная": 2.0, "Шайба М6 DIN125 оцинкованная": 2.0, "Клей-герметик прозрачный Даун Корнинг": 0.0010733333333333333, "Хомут глушителя 54 ст\\обр /11-5249/": 1.0, "Болт М6*20 DIN 933 оц 8,8 (10218040/220816/0019728/1,Китай)": 2.0, "Г/картон товарный 1050*2030 Т-24, пр. \"В\" бур. (шт)": 0.4, "Профиль модульного светильника (АА2023-01)": 0.019549999999999998, "Краска порошковая серая (шагрень 7035)": 0.002, "Лист горячекатаный S2 мм": 0.004, "Модуль 32Вт 4000К (новый профиль)": 1.0, "Заглушка Модуля (11 г)": 0.07666666666666666, "Заглушка Модуля с отверстием (11 г)": 0.07666666666666666, "Стекло \"Отмытое\" 250х70х3 ": 0.07666666666666666, "Пайка \"Модуль 32Вт _ ИПС30 350Т\" 4000К": 0.07666666666666666}