{"Спирт Изопропиловый": 0.005, "Ткань отмывочная": 0.01, "Обезжириватель \"Чистомет\"": 0.001, "Наклейка на коробку 100*72мм": 1.0, "Наклейка на светильник 58*30мм": 1.0, "Термотрансферная лента для 110мм*300": 0.08, "Термотрансферная лента для 58мм*300": 0.035, "Бумага для паспортов А4": 1.0, "Скотч брендовый \"Новый Век\"": 2.5, "Воздушно пузырьковая пленка (1,5х100) (м)": 0.1, "Гайка М6 DIN934 оцинкованная": 2.0, "Шайба М6 DIN125 оцинкованная": 2.0, "Болт М6х12мм DIN933 оцинкованный": 10.0, "Хомут глушителя 54 ст\\обр /11-5249/": 1.0, "Болт М6*20 DIN 933 оц 8,8 (10218040/220816/0019728/1,Китай)": 2.0, "Г/картон товарный 1050*2030 Т-24, пр. \"В\" бур. (шт)": 0.7, "Клей-герметик прозрачный Даун Корнинг": 0.044549549549549546, "Краска порошковая серая (шагрень 7035)": 0.002, "Уголок 15*15*2 АД31Т": 0.76, "Припой (ПОС-61) ": 0.0038738738738738738, "Флюс паяльный ЛТИ-120": 0.0038738738738738738, "Источник питания Аргос ИПС60-700Т IP67 0300-2183(0305-2279)": 3.873873873873874, "Профиль модульного светильника (АА2023-01)": 1.197725225225225, "Лист горячекатаный S2 мм": 0.004, "Паста паяльная без свинцовая": 0.02587866244623001, "Плата печатная 340х60мм 162 светодиодов": 12.939331223115005, "Светодиод 2835 5000К": 2096.171658144631, "Универсальное крепление в сборе": 1.0, "Уголок соединительный х2": 2.0, "Коробка У2 128Вт (двойные клапана)": 1.0, "Модуль 64Вт 5000К (новый профиль)": 2.0, "Универсальное крепление (Верх)": 1.0, "Универсальное крепление (Низ)": 1.0, "Заготовка \"Уголок соединительный\" У2": 4.0, "Заглушка Модуля (11 г)": 3.873873873873874, "Заглушка Модуля с отверстием (11 г)": 3.873873873873874, "Стекло \"Отмытое\" 350х70х3": 3.873873873873874, "Пайка \"Модуль 64Вт _ ИПС60 700Т\" 5000К": 3.873873873873874, "Заготовка \"Корпус 350мм\"": 3.873873873873874, "Заготовка универсальное крепление (Верх)": 1.0, "Заготовка универсальное крепление (Низ)": 1.0, "Матрица \"Модуль\" 64Вт 5000К": 15.006898790682573}