{"Спирт Изопропиловый": 0.005, "Ткань отмывочная": 0.01, "Обезжириватель \"Чистомет\"": 0.001, "Наклейка на коробку 100*72мм": 1.0, "Наклейка на светильник 58*30мм": 1.0, "Термотрансферная лента для 110мм*300": 0.08, "Термотрансферная лента для 58мм*300": 0.035, "Бумага для паспортов А4": 1.0, "Скотч брендовый \"Новый Век\"": 2.5, "Воздушно пузырьковая пленка (1,5х100) (м)": 0.1, "Гайка М6 DIN934 оцинкованная": 2.0, "Шайба М6 DIN125 оцинкованная": 2.0, "Болт М6х12мм DIN933 оцинкованный": 14.0, "Хомут глушителя 54 ст\\обр /11-5249/": 1.0, "Болт М6*20 DIN 933 оц 8,8 (10218040/220816/0019728/1,Китай)": 2.0, "Клей-герметик прозрачный Даун Корнинг": 0.066, "Уголок 15*15*2 АД31Т": 0.61, "Г/картон товарный 1050*2030 Т-24, пр. \"В\" бур. (шт)": 0.8, "Краска порошковая серая (шагрень 7035)": 0.002, "Стекло 300х70х3": 9.0, "Припой (ПОС-61) ": 0.009000000000000001, "Флюс паяльный ЛТИ-120": 0.009000000000000001, "Источник питания Аргос ИПС60-700Т IP67 0300-2183(0305-2279)": 9.0, "Профиль модульного светильника (АА2023-01)": 2.745, "Лист горячекатаный S2 мм": 0.004, "Паста паяльная без свинцовая": 0.162, "Светодиод 2835 4000К": 10692.0, "Плата печатная 290х60мм 132 светодиодов": 81.0, "Заглушка Модуля (11 г)": 9.0, "Заглушка Модуля с отверстием (11 г)": 9.0}