{"Заглушка консольного крепления D57 (15.8 г)": 1.0, "Болт М6х12мм DIN933 оцинкованный": 4.0, "Гайка М6 DIN934 оцинкованная": 4.0, "Шайба М6 DIN125 оцинкованная": 4.0, "Спирт Изопропиловый": 0.005, "Ткань отмывочная": 0.01, "Обезжириватель \"Чистомет\"": 0.001, "Скотч брендовый \"Новый Век\"": 1.5, "Воздушно пузырьковая пленка (1,5х100) (м)": 0.01, "Наклейка на коробку 100*72мм": 1.0, "Наклейка на светильник 58*30мм": 1.0, "Термотрансферная лента для 110мм*300": 0.08, "Термотрансферная лента для 58мм*300": 0.035, "Бумага для паспортов А4": 1.0, "Болт М6х50мм DIN933 оцинкованный": 1.0, "Болт М8х30мм DIN933 оцинкованный": 2.0, "Клей-герметик прозрачный Даун Корнинг": 0.013913846153846153, "Г/картон товарный 1050*2030 Т-24, пр. \"В\" бур. (шт)": 0.3, "Профиль консоль модульного светильника (1390)": 0.085, "Полиэтилен вторичный в гранулах(кг) для заглушек модульных светильников": 0.010627692307692307, "Стекло 250х70х3": 0.963076923076923, "Источник питания Аргос ИПС30-350Т IP67 ЭКО 0310-3519": 0.003076923076923077, "Припой (ПОС-61) ": 3.076923076923077e-06, "Флюс паяльный ЛТИ-120": 3.076923076923077e-06, "Профиль модульного светильника (АА2023-01)": 0.25343076923076924, "Модуль 32Вт 4000К (новый профиль)": 1.0, "Заглушка Модуля (11 г)": 0.9938461538461538, "Заглушка Модуля с отверстием (11 г)": 0.9938461538461538, "Стекло \"Отмытое\" 250х70х3 ": 0.9938461538461538, "Пайка \"Модуль 32Вт _ ИПС30 350Т\" 4000К": 0.9938461538461538, "Матрица \"Модуль\" 32Вт 4000К": 0.003076923076923077}