{"Заглушка консольного крепления D57 (15.8 г)": 1.0, "Болт М6х12мм DIN933 оцинкованный": 4.0, "Гайка М6 DIN934 оцинкованная": 4.0, "Шайба М6 DIN125 оцинкованная": 4.0, "Спирт Изопропиловый": 0.005, "Ткань отмывочная": 0.01, "Обезжириватель \"Чистомет\"": 0.001, "Воздушно пузырьковая пленка (1,5х100) (м)": 0.01, "Наклейка на светильник 58*30мм": 3.0, "Термотрансферная лента для 110мм*300": 0.08, "Термотрансферная лента для 58мм*300": 0.035, "Скотч M-Light": 2.5, "Паспорт M-Lite": 1.0, "Клей-герметик прозрачный Даун Корнинг": 0.044, "Г/картон товарный 1050*2030 Т-24, пр. \"В\" бур. (шт)": 0.5, "Стекло 300х70х3": 0.1857707509881423, "Припой (ПОС-61) ": 0.0006324110671936759, "Флюс паяльный ЛТИ-120": 0.0006324110671936759, "Источник питания Аргос ИПС60-700Т IP67 0300-2183(0305-2279)": 0.6324110671936759, "Профиль модульного светильника (АА2023-01)": 0.8499011857707509, "Консольное крепление 90мм": 1.0, "Стекло \"Отмытое\" 300х70х3 ": 4.0, "Заглушка Модуля (11 г)": 4.0, "Заглушка Модуля с отверстием (11 г)": 4.0, "Пайка \"Модуль 48Вт _ ИПС60 700Т\" 4000К": 4.0, "Заготовка \"Корпус 305мм\"": 4.0, "Матрица \"Модуль\" 48Вт 4000К": 2.5296442687747036}