{"Заглушка консольного крепления D57 (15.8 г)": 1.0, "Болт М6х12мм DIN933 оцинкованный": 4.0, "Гайка М6 DIN934 оцинкованная": 4.0, "Шайба М6 DIN125 оцинкованная": 4.0, "Спирт Изопропиловый": 0.005, "Ткань отмывочная": 0.01, "Обезжириватель \"Чистомет\"": 0.001, "Воздушно пузырьковая пленка (1,5х100) (м)": 0.01, "Наклейка на светильник 58*30мм": 3.0, "Термотрансферная лента для 110мм*300": 0.08, "Термотрансферная лента для 58мм*300": 0.035, "Скотч M-Light": 2.5, "Паспорт M-Lite": 1.0, "Болт М8х30мм DIN933 оцинкованный": 1.3824057450628366, "Болт М6х50мм DIN933 оцинкованный": 0.6912028725314183, "Клей-герметик прозрачный Даун Корнинг": 0.03400718132854578, "Г/картон товарный 1050*2030 Т-24, пр. \"В\" бур. (шт)": 0.03500897666068223, "Стекло 300х70х3": 0.03770197486535009, "Припой (ПОС-61) ": 0.00012208258527827647, "Флюс паяльный ЛТИ-120": 0.00012208258527827647, "Источник питания Аргос ИПС60-700Т IP67 0300-2183(0305-2279)": 0.12208258527827648, "Консольное крепление 90мм": 1.0, "Модуль 48Вт 4000К (новый профиль)": 2.0, "Коробка МК2 96Вт (двойные клапана)": 1.0, "Заготовка \"Консольное крепление 90мм\"": 0.6912028725314183, "Стекло \"Отмытое\" 300х70х3 ": 1.5457809694793536, "Заглушка Модуля (11 г)": 1.5457809694793536, "Заглушка Модуля с отверстием (11 г)": 1.5457809694793536, "Пайка \"Модуль 48Вт _ ИПС60 700Т\" 4000К": 1.5457809694793536, "Заготовка \"Корпус 305мм\"": 1.5457809694793536, "Матрица \"Модуль\" 48Вт 4000К": 0.12208258527827648}