{"Клей-герметик прозрачный Даун Корнинг": 0.0021466666666666665, "Профиль модульного светильника (АА2023-01)": 0.039099999999999996, "Модуль 32Вт 4000К (новый профиль)": 1.0, "Заглушка Модуля (11 г)": 0.15333333333333332, "Заглушка Модуля с отверстием (11 г)": 0.15333333333333332, "Стекло \"Отмытое\" 250х70х3 ": 0.15333333333333332, "Пайка \"Модуль 32Вт _ ИПС30 350Т\" 4000К": 0.15333333333333332}