{"Клей-герметик прозрачный Даун Корнинг": 0.011036036036036038, "Источник питания Аргос ИПС30-350Т IP67 ЭКО 0310-3519": 0.7882882882882883, "Припой (ПОС-61) ": 0.0007882882882882884, "Флюс паяльный ЛТИ-120": 0.0007882882882882884, "Профиль модульного светильника (АА2023-01)": 0.20101351351351354, "Модуль 32Вт 4000К (новый профиль)": 1.0, "Заглушка Модуля (11 г)": 0.7882882882882883, "Заглушка Модуля с отверстием (11 г)": 0.7882882882882883, "Стекло \"Отмытое\" 250х70х3 ": 0.7882882882882883, "Матрица \"Модуль\" 32Вт 4000К": 0.7882882882882883}