{"Клей-герметик прозрачный Даун Корнинг": 0.023, "Припой (ПОС-61) ": 6.666666666666667e-05, "Флюс паяльный ЛТИ-120": 6.666666666666667e-05, "Источник питания Аргос ИПС60-700Т IP67 0300-2183(0305-2279)": 0.06666666666666667, "Модуль 64Вт 4000К (новый профиль)": 1.0, "Заглушка Модуля (11 г)": 1.0, "Заглушка Модуля с отверстием (11 г)": 1.0, "Пайка \"Модуль 64Вт _ ИПС60 700Т\" 4000К": 1.0, "Стекло \"Отмытое\" 350х70х3": 1.0, "Заготовка \"Корпус 350мм\"": 1.0, "Матрица \"Модуль\" 64Вт 4000К": 0.06666666666666667}