{"Клей-герметик прозрачный Даун Корнинг": 0.02001, "Припой (ПОС-61) ": 0.00024, "Флюс паяльный ЛТИ-120": 0.00024, "Источник питания Аргос ИПС60-700Т IP67 0300-2183(0305-2279)": 0.24, "Модуль 64Вт 4000К (новый профиль)": 1.0, "Заглушка Модуля (11 г)": 0.87, "Заглушка Модуля с отверстием (11 г)": 0.87, "Пайка \"Модуль 64Вт _ ИПС60 700Т\" 4000К": 0.87, "Стекло \"Отмытое\" 350х70х3": 0.87, "Заготовка \"Корпус 350мм\"": 0.87, "Матрица \"Модуль\" 64Вт 4000К": 0.24}