{"Болт М8х30мм DIN933 оцинкованный": 1.2882882882882882, "Болт М6х50мм DIN933 оцинкованный": 0.6441441441441441, "Консольное крепление 90мм": 1.0, "Заготовка \"Консольное крепление 90мм\"": 0.6441441441441441}